mine,year,month,NDVI,LST_Celsius,SoilMoisture,Rainfall_mm,production_tons,equipment_downtime_hours,blasting_delay_days,reserve_base,reserve_potential_score,reserve_category,predicted_production,expected_baseline,shortfall_pct,shortfall_risk,recommendation
Balaghat_MP,2021,1,0.3648562586347802,27.55291725203722,0.22328501325205896,13.795422655399712,8407.39,57.29,2,0.85,0.7942166046250878,High,9147.93420000001,9325.17625,1.9006831104129516,Low Risk,Operations normal. No action needed.
Balaghat_MP,2021,2,0.3634602563228846,30.963929006275237,0.20536341295067198,9.371560290038028,10743.82,8.19,3,0.85,0.8026715971082629,High,10736.03879999999,9325.17625,-15.12960733583978,Low Risk,Operations normal. No action needed.
Balaghat_MP,2021,3,0.38503696239125534,34.80927695045432,0.18781262602509752,23.591468802122307,8935.68,50.78,0,0.85,0.8057897031992438,High,9780.761600000013,9325.17625,-4.885541439498391,Low Risk,Operations normal. No action needed.
Balaghat_MP,2021,4,0.3623585003844864,38.76318035652963,0.15146648033527332,6.905646506035438,9957.84,15.09,1,0.85,0.8187876734814428,High,10501.194199999993,9325.17625,-12.611214184825645,Low Risk,Operations normal. No action needed.
Balaghat_MP,2021,5,0.33370684286334634,38.01837735318907,0.17324346388127174,35.55315231416966,9557.25,21.02,1,0.85,0.8194325950425094,High,10237.4567,9325.17625,-9.782983458355547,Low Risk,Operations normal. No action needed.
Balaghat_MP,2021,6,0.30816630684051366,37.159304736037086,0.19092421048441852,173.7812213858711,7283.68,25.15,2,0.85,0.8123852992259766,High,9714.143300000002,9325.17625,-4.171149580148699,Low Risk,Operations normal. No action needed.
Balaghat_MP,2021,7,0.4200642851382606,35.93249336870031,0.32640473519341423,354.2790240366882,7526.01,37.58,0,0.85,0.826885426737647,High,7897.036600000005,9325.17625,15.314881045813964,High Risk,Significant shortfall risk due to heavy rainfall/monsoon conditions. Recommended: adjust mine schedule to prioritize indoor/underground operations during peak rain.
Balaghat_MP,2021,8,0.4200642851382606,35.93249336870031,0.32640473519341423,354.2790240366882,8431.87,14.38,0,0.85,0.826885426737647,High,8576.911199999999,9325.17625,8.024138417759147,Medium Risk,Moderate shortfall risk due to heavy rainfall/monsoon conditions. Recommended: adjust mine schedule to prioritize indoor/underground operations during peak rain.
Balaghat_MP,2021,9,0.5372506075322847,27.361459041731223,0.461789438111634,407.8273860257919,7007.91,58.11,2,0.85,0.7896438510670353,High,7684.133900000002,9325.17625,17.597976767463226,High Risk,"Significant shortfall risk due to high equipment downtime, heavy rainfall/monsoon conditions. Recommended: redeploy backup equipment or schedule urgent maintenance; adjust mine schedule to prioritize indoor/underground operations during peak rain."
Balaghat_MP,2021,10,0.5458945737319831,30.79798195498114,0.4664514012592661,73.03907593054191,9991.64,29.21,0,0.85,0.7996997468465477,High,11265.1455,9325.17625,-20.80356658138231,Low Risk,Operations normal. No action needed.
Balaghat_MP,2021,11,0.3942930740708249,29.517377774655813,0.33747568962264196,9.106066133374364,9677.67,6.89,2,0.85,0.8149669597703475,High,10314.55750000001,9325.17625,-10.609786061684458,Low Risk,Operations normal. No action needed.
Balaghat_MP,2021,12,0.3630179434171293,26.641807936061923,0.26595903082756006,16.21324782282392,10621.67,33.6,1,0.85,0.800214429380513,High,10711.522700000009,9325.17625,-14.866705066298433,Low Risk,Operations normal. No action needed.
Balaghat_MP,2022,1,0.3679756643984248,24.846770706503094,0.25814898808797204,21.715720954899474,8635.68,47.63,4,0.85,0.791042800573674,High,9201.186400000017,9325.17625,1.329624734974672,Low Risk,Operations normal. No action needed.
Balaghat_MP,2022,2,0.3716583562142586,28.857419218881716,0.2140834638796284,13.489940148090644,10175.96,7.49,1,0.85,0.79477883770763,High,10577.432399999989,9325.17625,-13.428766560846379,Low Risk,Operations normal. No action needed.
Balaghat_MP,2022,3,0.356613741219988,35.95309450220111,0.1929660342675818,12.157494821838128,9813.67,50.58,1,0.85,0.8192486230498539,High,10242.314900000016,9325.17625,-9.83508113318518,Low Risk,Operations normal. No action needed.
Balaghat_MP,2022,4,0.3605228829892673,39.025188723424264,0.15207822199931928,7.049287215014485,11576.94,12.75,1,0.85,0.8203541190990556,High,10878.183199999998,9325.17625,-16.65391525441674,Low Risk,Operations normal. No action needed.
Balaghat_MP,2022,5,0.31642848785579913,38.87298726233968,0.12975629810559547,13.056312729265086,9009.07,47.47,0,0.85,0.8084471955968091,High,11335.2123,9325.17625,-21.554938975014,Low Risk,Operations normal. No action needed.
Balaghat_MP,2022,6,0.2611501893432675,38.412621522899656,0.10908039802380201,159.94585515127,6812.96,49.85,3,0.85,0.7861507440817821,High,7266.947599999994,9325.17625,22.071739930920945,High Risk,"Significant shortfall risk due to high equipment downtime, blasting delays. Recommended: redeploy backup equipment or schedule urgent maintenance; re-optimize blasting schedule to reduce idle time."
Balaghat_MP,2022,7,0.2611501893432675,38.412621522899656,0.10908039802380201,159.94585515127,7094.22,11.37,2,0.85,0.7861507440817821,High,9353.041799999999,9325.17625,-0.2988206255082698,Low Risk,Operations normal. No action needed.
Balaghat_MP,2022,8,0.2611501893432675,38.412621522899656,0.10908039802380201,159.94585515127,8190.69,22.1,2,0.85,0.7861507440817821,High,9328.167200000002,9325.17625,-0.03207392460814077,Low Risk,Operations normal. No action needed.
Balaghat_MP,2022,9,0.2611501893432675,38.412621522899656,0.10908039802380201,159.94585515127,8103.25,30.97,0,0.85,0.7861507440817821,High,8808.727800000002,9325.17625,5.538216502878409,Medium Risk,Moderate shortfall risk due to combined minor factors. Recommended: monitor closely and review equipment logs.
Balaghat_MP,2022,10,0.5525250762025524,28.958334738222334,0.4657930359665283,100.34700416515919,9654.96,46.84,2,0.85,0.7913074662158899,High,10769.15389999999,9325.17625,-15.484722339698296,Low Risk,Operations normal. No action needed.
Balaghat_MP,2022,11,0.4156764972095317,28.075530111454555,0.39908032851704095,4.480948835054289,9599.77,28.51,0,0.85,0.815982874332951,High,10455.79670000001,9325.17625,-12.124386925126583,Low Risk,Operations normal. No action needed.
Balaghat_MP,2022,12,0.38223253946018526,26.91141050856993,0.28690105794513293,7.671014300573649,10698.34,6.73,1,0.85,0.7995660524469665,High,10775.189699999995,9325.17625,-15.549448194075632,Low Risk,Operations normal. No action needed.
Balaghat_MP,2023,1,0.3327340972387925,26.39246113140399,0.23603773369627487,10.4291194847254,10518.83,54.92,1,0.85,0.792093571458548,High,10393.349899999996,9325.17625,-11.454728804723612,Low Risk,Operations normal. No action needed.
Balaghat_MP,2023,2,0.33767824745040986,30.336091832912018,0.19287045805130976,6.2923180959492075,10602.68,17.58,0,0.85,0.7983692199198602,High,11002.157400000015,9325.17625,-17.983372164145575,Low Risk,Operations normal. No action needed.
Balaghat_MP,2023,3,0.3662930270635649,32.957987496487874,0.18192848706312773,22.665780267982836,10826.14,13.87,5,0.85,0.8039227793096588,High,10978.843500000003,9325.17625,-17.733361876136144,Low Risk,Operations normal. No action needed.
Balaghat_MP,2023,4,0.39640631518430225,35.466367581405734,0.18721280554256872,31.597641267509093,9489.59,34.66,3,0.85,0.8044986500144247,High,10299.900699999997,9325.17625,-10.45261155251619,Low Risk,Operations normal. No action needed.
Balaghat_MP,2023,5,0.37243371461960706,38.38288072492281,0.23943100482393792,23.373459719748137,10407.46,28.49,2,0.85,0.8320975044571625,High,10391.898599999991,9325.17625,-11.439165560007414,Low Risk,Operations normal. No action needed.
Balaghat_MP,2023,6,0.2647788185156361,41.81043145702603,0.11967984919494155,189.00131871098665,7505.03,27.96,0,0.85,0.8009463700794749,High,7805.2251000000115,9325.17625,16.29943616347186,High Risk,Significant shortfall risk due to combined minor factors. Recommended: monitor closely and review equipment logs.
Balaghat_MP,2023,7,0.2647788185156361,41.81043145702603,0.11967984919494155,189.00131871098665,8189.72,23.57,2,0.85,0.8009463700794749,High,7866.593399999999,9325.17625,15.641343508118696,High Risk,Significant shortfall risk due to combined minor factors. Recommended: monitor closely and review equipment logs.
Balaghat_MP,2023,8,0.2647788185156361,41.81043145702603,0.11967984919494155,189.00131871098665,7377.09,25.0,3,0.85,0.8009463700794749,High,7668.882000000001,9325.17625,17.76153292545006,High Risk,Significant shortfall risk due to blasting delays. Recommended: re-optimize blasting schedule to reduce idle time.
Balaghat_MP,2023,9,0.2647788185156361,41.81043145702603,0.11967984919494155,189.00131871098665,8428.77,20.67,0,0.85,0.8009463700794749,High,8509.23500000001,9325.17625,8.749874834805302,Medium Risk,Moderate shortfall risk due to combined minor factors. Recommended: monitor closely and review equipment logs.
Balaghat_MP,2023,10,0.5429130675916098,29.893297430614098,0.4550822985037572,19.303237840393994,10247.8,32.65,0,0.85,0.7952317522648593,High,10905.598400000015,9325.17625,-16.947906480588127,Low Risk,Operations normal. No action needed.
Balaghat_MP,2023,11,0.3939850932431197,28.98585323592772,0.32083342657924374,16.365073731569485,9985.37,54.95,1,0.85,0.8099121917211749,High,10198.722199999997,9325.17625,-9.367607931270962,Low Risk,Operations normal. No action needed.
Balaghat_MP,2023,12,0.4020711185265615,24.626786472479694,0.31059003718155254,19.93410288145609,10429.36,59.21,1,0.85,0.7905738684264482,High,10787.159499999992,9325.17625,-15.677808234455537,Low Risk,Operations normal. No action needed.
Balaghat_MP,2024,1,0.36077276107242356,25.38169234491602,0.24533990050776533,11.85855761086829,11301.77,18.07,2,0.85,0.792460125553062,High,11463.847000000009,9325.17625,-22.93437349240459,Low Risk,Operations normal. No action needed.
Balaghat_MP,2024,2,0.32043685290888524,29.394562611220408,0.20355173894914533,18.029196694632553,11819.1,34.47,0,0.85,0.7921278300635725,High,11777.1931,9325.17625,-26.294589874373685,Low Risk,Operations normal. No action needed.
Balaghat_MP,2024,3,0.3799086483587332,32.585617917017885,0.19572305755089905,34.308436383710834,10314.51,22.64,0,0.85,0.8013332626981956,High,10469.789800000004,9325.17625,-12.274444142543725,Low Risk,Operations normal. No action needed.
Balaghat_MP,2024,4,0.4477421004153786,34.45803221878816,0.1689763406744111,38.2601800868897,10810.18,37.5,1,0.85,0.7820058569714843,High,11270.99950000001,9325.17625,-20.866342874752746,Low Risk,Operations normal. No action needed.
Balaghat_MP,2024,5,0.36093692248953335,36.419707470887715,0.1542920769944703,13.888069042385547,11681.08,17.46,1,0.85,0.8117917357293367,High,11550.850499999993,9325.17625,-23.867369262859697,Low Risk,Operations normal. No action needed.
Balaghat_MP,2024,6,0.26320862469127426,41.15858543286208,0.08488894477065674,146.77597425636077,8021.11,26.27,1,0.85,0.7912808503314471,High,8191.180199999994,9325.17625,12.160585704747469,Medium Risk,Moderate shortfall risk due to combined minor factors. Recommended: monitor closely and review equipment logs.
Balaghat_MP,2024,7,0.26320862469127426,41.15858543286208,0.08488894477065674,146.77597425636077,8640.74,11.24,2,0.85,0.7912808503314471,High,8590.177199999995,9325.17625,7.881878372004023,Medium Risk,Moderate shortfall risk due to combined minor factors. Recommended: monitor closely and review equipment logs.
Balaghat_MP,2024,8,0.26320862469127426,41.15858543286208,0.08488894477065674,146.77597425636077,7082.35,49.95,2,0.85,0.7912808503314471,High,7270.561899999989,9325.17625,22.03298141415838,High Risk,Significant shortfall risk due to high equipment downtime. Recommended: redeploy backup equipment or schedule urgent maintenance.
Balaghat_MP,2024,9,0.26320862469127426,41.15858543286208,0.08488894477065674,146.77597425636077,7404.16,54.35,2,0.85,0.7912808503314471,High,7426.078399999999,9325.17625,20.365275669722607,High Risk,Significant shortfall risk due to high equipment downtime. Recommended: redeploy backup equipment or schedule urgent maintenance.
Balaghat_MP,2024,10,0.4277255765168506,29.31319143954306,0.43481450380578557,26.91804136958127,9287.13,44.93,4,0.85,0.8237486417387049,High,10634.835,9325.17625,-14.044332406049683,Low Risk,Operations normal. No action needed.
Balaghat_MP,2024,11,0.38164847075575037,26.913230932534077,0.3131940098805617,1.1824618374632896,9561.44,54.42,1,0.85,0.8050167988064171,High,10723.980499999981,9325.17625,-15.000298251735252,Low Risk,Operations normal. No action needed.
Balaghat_MP,2024,12,0.34399981478497244,24.92130584433835,0.24240424690273524,15.132319692696361,10169.11,41.49,0,0.85,0.7917341543621761,High,10724.951699999998,9325.17625,-15.010713068291844,Low Risk,Operations normal. No action needed.
Bhandara_Maharashtra,2021,1,0.3463740813555826,27.844484802860734,0.19858757072481614,6.032930307700986,11157.14,9.0,2,0.65,0.6736300664779306,Medium,11553.124300000001,11185.610208333334,-3.2855971629770186,Low Risk,Operations normal. No action needed.
Bhandara_Maharashtra,2021,2,0.3275020859453827,31.806129904959164,0.16196134271121573,8.204735218780659,11846.9,59.27,1,0.65,0.6741331595031991,Medium,11723.363800000003,11185.610208333334,-4.807548105565491,Low Risk,Operations normal. No action needed.
Bhandara_Maharashtra,2021,3,0.2765774299532854,36.70597322856872,0.13302008657791148,19.1213079196787,11342.59,57.1,3,0.65,0.6697588162831674,Medium,11588.575399999998,11185.610208333334,-3.6025320403749936,Low Risk,Operations normal. No action needed.
Bhandara_Maharashtra,2021,4,0.24290932710517202,41.32320222075839,0.11087911770861039,5.6373454583612475,11488.56,35.71,2,0.65,0.6709608652770321,Medium,11429.485100000022,11185.610208333334,-2.1802555884255668,Low Risk,Operations normal. No action needed.
Bhandara_Maharashtra,2021,5,0.23635931822661763,39.965468382422046,0.14010353694702016,26.156326837820245,11552.92,5.62,1,0.65,0.6702242826663883,Medium,11631.360700000008,11185.610208333334,-3.985035088515677,Low Risk,Operations normal. No action needed.
Bhandara_Maharashtra,2021,6,0.30042611386931306,42.237303566387425,0.13297045984487424,237.50482994164457,8328.57,11.46,4,0.65,0.6957592722459831,Medium,8296.102299999991,11185.610208333334,25.832367251458887,High Risk,"Significant shortfall risk due to blasting delays, heavy rainfall/monsoon conditions. Recommended: re-optimize blasting schedule to reduce idle time; adjust mine schedule to prioritize indoor/underground operations during peak rain."
Bhandara_Maharashtra,2021,7,0.3996006270678995,33.32913116036508,0.275882041916765,312.3697763561365,7657.33,52.77,1,0.65,0.6940247457298018,Medium,8037.095699999993,11185.610208333334,28.14790118457447,High Risk,"Significant shortfall risk due to high equipment downtime, heavy rainfall/monsoon conditions. Recommended: redeploy backup equipment or schedule urgent maintenance; adjust mine schedule to prioritize indoor/underground operations during peak rain."
Bhandara_Maharashtra,2021,8,0.3996006270678995,33.32913116036508,0.275882041916765,312.3697763561365,9219.45,58.34,0,0.65,0.6940247457298018,Medium,8854.33879999999,11185.610208333334,20.841700764760553,High Risk,"Significant shortfall risk due to high equipment downtime, heavy rainfall/monsoon conditions. Recommended: redeploy backup equipment or schedule urgent maintenance; adjust mine schedule to prioritize indoor/underground operations during peak rain."
Bhandara_Maharashtra,2021,9,0.3996006270678995,33.32913116036508,0.275882041916765,312.3697763561365,8936.18,34.02,1,0.65,0.6940247457298018,Medium,8841.869300000008,11185.610208333334,20.953178813501186,High Risk,Significant shortfall risk due to heavy rainfall/monsoon conditions. Recommended: adjust mine schedule to prioritize indoor/underground operations during peak rain.
Bhandara_Maharashtra,2021,10,0.5412952172146158,29.94444590822127,0.3946276879173586,53.810242870652424,10990.88,58.31,3,0.65,0.6637758752258145,Medium,10928.7102,11185.610208333334,2.296700882191856,Low Risk,Operations normal. No action needed.
Bhandara_Maharashtra,2021,11,0.3526142202924126,29.05034393525932,0.2823969403217579,6.312315576807955,11196.23,37.14,1,0.65,0.6948403139460275,Medium,11066.774399999995,11185.610208333334,1.062398976184647,Low Risk,Operations normal. No action needed.
Bhandara_Maharashtra,2021,12,0.3231284461836563,25.98208329412506,0.2509229750982646,6.4289839708833005,10072.59,57.27,3,0.65,0.6707960585309278,Medium,10674.636399999994,11185.610208333334,4.568135298981379,Low Risk,Operations normal. No action needed.
Bhandara_Maharashtra,2022,1,0.35328901338005414,24.836559706408195,0.2417163782935033,16.342636226770193,11308.9,30.5,1,0.65,0.672120759693614,Medium,11615.739199999996,11185.610208333334,-3.8453779780938073,Low Risk,Operations normal. No action needed.
Bhandara_Maharashtra,2022,2,0.3854249158178725,29.248261033217148,0.18571829894322087,15.747659672060392,11838.17,58.59,3,0.65,0.6662966052994975,Medium,10878.026600000014,11185.610208333334,2.749815187589573,Low Risk,Operations normal. No action needed.
Bhandara_Maharashtra,2022,3,0.338979402273296,36.6346734732287,0.1591180665311457,11.545227511426045,13286.85,42.66,0,0.65,0.6934665997999891,Medium,12419.781100000004,11185.610208333334,-11.033558908991903,Low Risk,Operations normal. No action needed.
Bhandara_Maharashtra,2022,4,0.2552051474577179,40.09809228066888,0.12029066838152792,4.592533088679615,12332.14,50.24,3,0.65,0.6723594751016941,Medium,11844.184799999999,11185.610208333334,-5.887694809676313,Low Risk,Operations normal. No action needed.
Bhandara_Maharashtra,2022,5,0.23665080676661374,39.14880845958402,0.10459345176644708,9.13620231595475,10872.38,52.63,0,0.65,0.660411302568979,Medium,11311.655699999996,11185.610208333334,-1.1268539607500152,Low Risk,Operations normal. No action needed.
Bhandara_Maharashtra,2022,6,0.22271228178199995,42.0056271760609,0.09133945084337532,192.44070740717638,9340.33,25.71,2,0.65,0.6633121684114774,Medium,8146.288099999998,11185.610208333334,27.17171483473495,High Risk,Significant shortfall risk due to combined minor factors. Recommended: monitor closely and review equipment logs.
Bhandara_Maharashtra,2022,7,0.22271228178199995,42.0056271760609,0.09133945084337532,192.44070740717638,8383.28,25.95,4,0.65,0.6633121684114774,Medium,8065.2083999999995,11185.610208333334,27.89657202616107,High Risk,Significant shortfall risk due to blasting delays. Recommended: re-optimize blasting schedule to reduce idle time.
Bhandara_Maharashtra,2022,8,0.4212261634065615,26.71690921789923,0.4357409992779808,506.3655488022038,8237.23,8.1,8,0.65,0.6970336555484453,Medium,9024.464499999995,11185.610208333334,19.32076720073148,High Risk,"Significant shortfall risk due to blasting delays, heavy rainfall/monsoon conditions. Recommended: re-optimize blasting schedule to reduce idle time; adjust mine schedule to prioritize indoor/underground operations during peak rain."
Bhandara_Maharashtra,2022,9,0.4212261634065615,26.71690921789923,0.4357409992779808,506.3655488022038,9754.49,12.1,2,0.65,0.6970336555484453,Medium,8729.7819,11185.610208333334,21.955246630208244,High Risk,Significant shortfall risk due to heavy rainfall/monsoon conditions. Recommended: adjust mine schedule to prioritize indoor/underground operations during peak rain.
Bhandara_Maharashtra,2022,10,0.5141543107662132,28.382362849346066,0.4069833731514284,127.5986697590044,12544.8,39.0,1,0.65,0.6690693288729513,Medium,9510.919800000003,11185.610208333334,14.971828779494547,Medium Risk,Moderate shortfall risk due to combined minor factors. Recommended: monitor closely and review equipment logs.
Bhandara_Maharashtra,2022,11,0.38399493444434785,27.575005645996043,0.329482724954342,0.0,11912.78,33.62,3,0.65,0.6898331789926477,Medium,12084.60080000001,11185.610208333334,-8.037027707231594,Low Risk,Operations normal. No action needed.
Bhandara_Maharashtra,2022,12,0.3290075543460141,26.794901430319044,0.2611216133695909,6.851781375514261,10646.74,53.22,1,0.65,0.6773745027920791,Medium,10548.704299999994,11185.610208333334,5.693975531695549,Medium Risk,Moderate shortfall risk due to high equipment downtime. Recommended: redeploy backup equipment or schedule urgent maintenance.
Bhandara_Maharashtra,2023,1,0.32734623370566923,26.70295614943069,0.21904471567992503,3.8925066714543646,11253.75,46.53,2,0.65,0.6681301231950281,Medium,11245.3467,11185.610208333334,-0.5340476787056515,Low Risk,Operations normal. No action needed.
Bhandara_Maharashtra,2023,2,0.3128974675908246,30.655473322668684,0.1782676966368467,6.381933282633296,13211.09,5.8,1,0.65,0.6690972166663509,Medium,12738.617800000007,11185.610208333334,-13.883977384708754,Low Risk,Operations normal. No action needed.
Bhandara_Maharashtra,2023,3,0.29755061734246996,33.45547144067001,0.16359926940038286,20.276144822810796,13319.01,29.06,2,0.65,0.6710984262696854,Medium,12933.348400000008,11185.610208333334,-15.624880172961875,Low Risk,Operations normal. No action needed.
Bhandara_Maharashtra,2023,4,0.30367861056981527,35.907838838179316,0.15949122903162039,36.37394188187441,13458.36,26.81,3,0.65,0.6804734346488227,Medium,12744.096200000004,11185.610208333334,-13.932954596483171,Low Risk,Operations normal. No action needed.
Bhandara_Maharashtra,2023,5,0.2917762610146653,38.170150795144366,0.22107303271005893,21.63963015869574,14011.84,32.07,1,0.65,0.696956234385679,Medium,11080.802599999997,11185.610208333334,0.936986059600522,Low Risk,Operations normal. No action needed.
Bhandara_Maharashtra,2023,6,0.24571605636024757,40.70516263605293,0.10221040707038737,153.21768079596882,9089.49,32.09,1,0.65,0.6679587642725652,Medium,9201.820099999994,11185.610208333334,17.73519791397171,High Risk,Significant shortfall risk due to combined minor factors. Recommended: monitor closely and review equipment logs.
Bhandara_Maharashtra,2023,7,0.24571605636024757,40.70516263605293,0.10221040707038737,153.21768079596882,9499.26,9.17,0,0.65,0.6679587642725652,Medium,9958.214199999995,11185.610208333334,10.972991061488292,Medium Risk,Moderate shortfall risk due to combined minor factors. Recommended: monitor closely and review equipment logs.
Bhandara_Maharashtra,2023,8,0.24571605636024757,40.70516263605293,0.10221040707038737,153.21768079596882,10461.95,13.35,0,0.65,0.6679587642725652,Medium,10160.22539999999,11185.610208333334,9.166999289582133,Medium Risk,Moderate shortfall risk due to combined minor factors. Recommended: monitor closely and review equipment logs.
Bhandara_Maharashtra,2023,9,0.24571605636024757,40.70516263605293,0.10221040707038737,153.21768079596882,10061.4,15.0,2,0.65,0.6679587642725652,Medium,9801.299100000007,11185.610208333334,12.3758211000595,Medium Risk,Moderate shortfall risk due to combined minor factors. Recommended: monitor closely and review equipment logs.
Bhandara_Maharashtra,2023,10,0.5051756853823236,30.001254665788338,0.39250053739410706,6.63263813366097,12292.78,14.48,0,0.65,0.674379092446823,Medium,12106.753600000011,11185.610208333334,-8.235075016116879,Low Risk,Operations normal. No action needed.
Bhandara_Maharashtra,2023,11,0.38007373755860235,28.42726945516131,0.2898759464251584,19.45908859797887,12178.49,14.29,1,0.65,0.6859773084447097,Medium,11638.439399999996,11185.610208333334,-4.048319074531153,Low Risk,Operations normal. No action needed.
Bhandara_Maharashtra,2023,12,0.364065991505121,24.43065470029154,0.2899122608119044,6.752301634614306,12980.46,11.63,1,0.65,0.6771628178402295,Medium,12684.904399999989,11185.610208333334,-13.40377649267336,Low Risk,Operations normal. No action needed.
Bhandara_Maharashtra,2024,1,0.3529025699582379,24.715420861955465,0.21422309685370017,5.981811598815739,14033.2,32.69,1,0.65,0.6663138657159339,Medium,13199.022299999984,11185.610208333334,-18.000020152379786,Low Risk,Operations normal. No action needed.
Bhandara_Maharashtra,2024,2,0.33880824652560637,28.783005787145896,0.1769067988056561,13.885240066805265,14307.27,39.53,0,0.65,0.6702146458100461,Medium,13072.71830000001,11185.610208333334,-16.870855112229563,Low Risk,Operations normal. No action needed.
Bhandara_Maharashtra,2024,3,0.30840453034026916,33.66576785546249,0.1701247305448713,30.276854779178695,12273.47,55.65,0,0.65,0.67637923646316,Medium,12188.07879999999,11185.610208333334,-8.962126991693424,Low Risk,Operations normal. No action needed.
Bhandara_Maharashtra,2024,4,0.351267415818921,35.05282362535678,0.14019488226408247,38.13548086164846,12026.27,49.34,1,0.65,0.6872078146483432,Medium,11730.331500000011,11185.610208333334,-4.869839745183125,Low Risk,Operations normal. No action needed.
Bhandara_Maharashtra,2024,5,0.3169347325952919,36.01951569900581,0.1255921320240388,18.085973190552437,13074.36,25.38,2,0.65,0.6780373143615593,Medium,12697.451200000001,11185.610208333334,-13.515945607869822,Low Risk,Operations normal. No action needed.
Bhandara_Maharashtra,2024,6,0.23870930376522626,40.310766679213316,0.09919437136629532,154.32780322069587,9354.56,46.11,0,0.65,0.6639078410178136,Medium,9197.69850000001,11185.610208333334,17.772045255540196,High Risk,Significant shortfall risk due to high equipment downtime. Recommended: redeploy backup equipment or schedule urgent maintenance.
Bhandara_Maharashtra,2024,7,0.23870930376522626,40.310766679213316,0.09919437136629532,154.32780322069587,9191.89,44.23,3,0.65,0.6639078410178136,Medium,8231.685899999999,11185.610208333334,26.40825358041394,High Risk,"Significant shortfall risk due to high equipment downtime, blasting delays. Recommended: redeploy backup equipment or schedule urgent maintenance; re-optimize blasting schedule to reduce idle time."
Bhandara_Maharashtra,2024,8,0.23870930376522626,40.310766679213316,0.09919437136629532,154.32780322069587,9653.25,34.29,1,0.65,0.6639078410178136,Medium,9380.8128,11185.610208333334,16.134992858849586,High Risk,Significant shortfall risk due to combined minor factors. Recommended: monitor closely and review equipment logs.
Bhandara_Maharashtra,2024,9,0.31297812443327044,28.585796399109142,0.41895036536386643,331.0402249869491,10133.07,6.1,1,0.65,0.7103008276604283,High,9532.23989999999,11185.610208333334,14.78122585660615,Medium Risk,Moderate shortfall risk due to heavy rainfall/monsoon conditions. Recommended: adjust mine schedule to prioritize indoor/underground operations during peak rain.
Bhandara_Maharashtra,2024,10,0.4896653707380808,28.99801433455667,0.361044111436811,30.197508374294845,11917.7,11.59,4,0.65,0.6693081108024334,Medium,11878.88859999999,11185.610208333334,-6.197948781999931,Low Risk,Operations normal. No action needed.
Bhandara_Maharashtra,2024,11,0.35178413582444973,26.745346758257142,0.2597205465038617,0.0,11956.47,34.54,2,0.65,0.6826872832970647,Medium,12056.788599999987,11185.610208333334,-7.788385036138856,Low Risk,Operations normal. No action needed.
Bhandara_Maharashtra,2024,12,0.32734218351396804,24.90501199774144,0.21534292956535842,6.060658074095323,12922.47,20.61,2,0.65,0.6612580140290246,Medium,12761.753699999983,11185.610208333334,-14.090813664259594,Low Risk,Operations normal. No action needed.
Gujarat_Pani_ExplorationZone,2021,1,0.5106888211086088,27.837003493246527,0.11351119506765496,0.0,12551.6,38.32,1,0.55,0.5494356992996737,Medium,13026.702300000003,13388.950208333334,2.7055736461538746,Low Risk,Operations normal. No action needed.
Gujarat_Pani_ExplorationZone,2021,2,0.4758588566473553,32.90619329296703,0.09012840239500457,0.0,13453.52,18.53,0,0.55,0.5724789897831686,Medium,13864.47190000001,13388.950208333334,-3.551598028729014,Low Risk,Operations normal. No action needed.
Gujarat_Pani_ExplorationZone,2021,3,0.4318971318786013,38.17245668374483,0.07882654429836707,0.0,15422.99,20.68,0,0.55,0.6013547310429056,Medium,14313.666599999995,13388.950208333334,-6.906563825228915,Low Risk,Operations normal. No action needed.
Gujarat_Pani_ExplorationZone,2021,4,0.4077673960388629,41.19435398230104,0.061729183166541836,0.3171026319995644,15715.24,9.41,1,0.55,0.6154685723849835,Medium,15916.436300000003,13388.950208333334,-18.877403025171848,Low Risk,Operations normal. No action needed.
Gujarat_Pani_ExplorationZone,2021,5,0.37982027272771546,38.818197019096374,0.06495554546232928,6.434481008536897,12524.54,11.16,4,0.55,0.6163991979162973,Medium,12487.145900000012,13388.950208333334,6.7354370156073555,Medium Risk,Moderate shortfall risk due to blasting delays. Recommended: re-optimize blasting schedule to reduce idle time.
Gujarat_Pani_ExplorationZone,2021,6,0.3806185664795609,37.77838767272175,0.11155406055463987,86.73825952358536,10149.53,41.78,3,0.55,0.6219538144377745,Medium,10141.756000000012,13388.950208333334,24.2527917260627,High Risk,"Significant shortfall risk due to high equipment downtime, blasting delays. Recommended: redeploy backup equipment or schedule urgent maintenance; re-optimize blasting schedule to reduce idle time."
Gujarat_Pani_ExplorationZone,2021,7,0.3901470349025438,37.91926182237597,0.12177950617941945,302.82603172716205,10636.82,15.29,1,0.55,0.6216247628844868,Medium,10578.182499999984,13388.950208333334,20.99318964218656,High Risk,Significant shortfall risk due to heavy rainfall/monsoon conditions. Recommended: adjust mine schedule to prioritize indoor/underground operations during peak rain.
Gujarat_Pani_ExplorationZone,2021,8,0.3901470349025438,37.91926182237597,0.12177950617941945,302.82603172716205,11007.58,18.33,0,0.55,0.6216247628844868,Medium,10622.788799999991,13388.950208333334,20.66003208086974,High Risk,Significant shortfall risk due to heavy rainfall/monsoon conditions. Recommended: adjust mine schedule to prioritize indoor/underground operations during peak rain.
Gujarat_Pani_ExplorationZone,2021,9,0.3901470349025438,37.91926182237597,0.12177950617941945,302.82603172716205,10458.63,20.87,1,0.55,0.6216247628844868,Medium,10287.8423,13388.950208333334,23.16169572729602,High Risk,Significant shortfall risk due to heavy rainfall/monsoon conditions. Recommended: adjust mine schedule to prioritize indoor/underground operations during peak rain.
Gujarat_Pani_ExplorationZone,2021,10,0.5522869474051489,32.82928737773642,0.37623973410915246,15.81950653503489,13429.61,34.29,0,0.55,0.606627420839065,Medium,12911.142200000008,13388.950208333334,3.5686741745886588,Low Risk,Operations normal. No action needed.
Gujarat_Pani_ExplorationZone,2021,11,0.5329926413163162,31.500320447135607,0.18377607586708933,2.3318677141897317,15960.59,12.39,0,0.55,0.5693141138592941,Medium,14882.733000000007,13388.950208333334,-11.156832824256362,Low Risk,Operations normal. No action needed.
Gujarat_Pani_ExplorationZone,2021,12,0.506869574210023,25.822993479273407,0.20759530001404614,3.8953164817293713,14449.61,22.73,1,0.55,0.5625711135673718,Medium,13767.205000000002,13388.950208333334,-2.825126584093508,Low Risk,Operations normal. No action needed.
Gujarat_Pani_ExplorationZone,2022,1,0.5150089921779131,26.25537051700053,0.10909652371298181,0.0,13080.75,46.81,2,0.55,0.541863270808331,Medium,13250.525100000003,13388.950208333334,1.0338757421562055,Low Risk,Operations normal. No action needed.
Gujarat_Pani_ExplorationZone,2022,2,0.49407505962622295,31.25540498369827,0.0858169951137494,0.0,13821.32,56.12,2,0.55,0.5605227025041151,Medium,13706.395700000001,13388.950208333334,-2.370951319761336,Low Risk,Operations normal. No action needed.
Gujarat_Pani_ExplorationZone,2022,3,0.4301255209881934,38.49640684676302,0.07871459492228249,0.0,12554.9,56.61,0,0.55,0.6029680950611239,Medium,13219.447899999994,13388.950208333334,1.2659865463375986,Low Risk,Operations normal. No action needed.
Gujarat_Pani_ExplorationZone,2022,4,0.40154282053600077,42.50491724887439,0.06434216375716707,0.0,14318.12,45.76,2,0.55,0.6223271971053795,Medium,14905.1094,13388.950208333334,-11.323958697844754,Low Risk,Operations normal. No action needed.
Gujarat_Pani_ExplorationZone,2022,5,0.3467833706884657,40.360557755006994,0.06182673954489556,0.0,13995.59,16.09,0,0.55,0.6290110188381575,Medium,14856.276600000005,13388.950208333334,-10.959234061184285,Low Risk,Operations normal. No action needed.
Gujarat_Pani_ExplorationZone,2022,6,0.3027525491536212,40.22043176525381,0.05458968251266262,58.084290976189465,10807.76,49.8,2,0.55,0.6138737310410787,Medium,12066.017599999997,13388.950208333334,9.880779207842135,Medium Risk,Moderate shortfall risk due to high equipment downtime. Recommended: redeploy backup equipment or schedule urgent maintenance.
Gujarat_Pani_ExplorationZone,2022,7,0.3027525491536212,40.22043176525381,0.05458968251266262,58.084290976189465,10489.0,26.58,2,0.55,0.6138737310410787,Medium,12396.700700000001,13388.950208333334,7.41095823715703,Medium Risk,Moderate shortfall risk due to combined minor factors. Recommended: monitor closely and review equipment logs.
Gujarat_Pani_ExplorationZone,2022,8,0.3027525491536212,40.22043176525381,0.05458968251266262,58.084290976189465,11533.16,21.58,2,0.55,0.6138737310410787,Medium,12152.6582,13388.950208333334,9.233673955735984,Medium Risk,Moderate shortfall risk due to combined minor factors. Recommended: monitor closely and review equipment logs.
Gujarat_Pani_ExplorationZone,2022,9,0.42005311230014153,34.54583620555826,0.3218494892459024,200.24056352328947,11269.16,26.11,3,0.55,0.6412488837481662,Medium,10270.389300000006,13388.950208333334,23.292049487138456,High Risk,"Significant shortfall risk due to blasting delays, heavy rainfall/monsoon conditions. Recommended: re-optimize blasting schedule to reduce idle time; adjust mine schedule to prioritize indoor/underground operations during peak rain."
Gujarat_Pani_ExplorationZone,2022,10,0.5799543709457079,32.56644713553817,0.24062218280001121,30.732085200702578,14813.65,39.52,1,0.55,0.5702523421047578,Medium,13910.789199999997,13388.950208333334,-3.8975347846306065,Low Risk,Operations normal. No action needed.
Gujarat_Pani_ExplorationZone,2022,11,0.5562431424831652,30.38296902654878,0.18129388293759388,0.0,12926.3,39.1,3,0.55,0.5580325637567515,Medium,14171.877500000017,13388.950208333334,-5.847562949180185,Low Risk,Operations normal. No action needed.
Gujarat_Pani_ExplorationZone,2022,12,0.5475537420819162,27.18519236143453,0.13951981998980045,0.0,14829.05,18.67,1,0.55,0.54136659746723,Medium,14714.399200000025,13388.950208333334,-9.899573686081283,Low Risk,Operations normal. No action needed.
Gujarat_Pani_ExplorationZone,2023,1,0.5207265656022206,25.183045645086224,0.10833667396483096,0.0,14661.8,46.94,3,0.55,0.5363402618867411,Medium,14108.74190000002,13388.950208333334,-5.376012909650572,Low Risk,Operations normal. No action needed.
Gujarat_Pani_ExplorationZone,2023,2,0.48294120365681553,32.48447834187243,0.0868191950615834,0.0,14266.13,12.01,2,0.55,0.5682535063011059,Medium,14221.403799999985,13388.950208333334,-6.217467230168125,Low Risk,Operations normal. No action needed.
Gujarat_Pani_ExplorationZone,2023,3,0.4264984155034467,35.75621145784817,0.07787003698335453,1.357600247706944,13094.66,44.72,3,0.55,0.5945458964133805,Medium,13325.596399999995,13388.950208333334,0.4731798038497977,Low Risk,Operations normal. No action needed.
Gujarat_Pani_ExplorationZone,2023,4,0.39682585505160267,41.00024623505681,0.06451885622333398,0.0,16576.82,24.01,0,0.55,0.6186484122526866,Medium,15835.15590000001,13388.950208333334,-18.2703322785094,Low Risk,Operations normal. No action needed.
Gujarat_Pani_ExplorationZone,2023,5,0.3455880213189043,42.44425128085703,0.06745256060226398,29.854806397036327,15912.53,37.09,1,0.55,0.6368829936252116,Medium,13971.567100000018,13388.950208333334,-4.351475527215433,Low Risk,Operations normal. No action needed.
Gujarat_Pani_ExplorationZone,2023,6,0.3135829168644287,38.160911659680266,0.10263722042807125,80.84001280129164,10192.11,13.43,2,0.55,0.6197312416955014,Medium,10426.72919999999,13388.950208333334,22.12437093454605,High Risk,Significant shortfall risk due to combined minor factors. Recommended: monitor closely and review equipment logs.
Gujarat_Pani_ExplorationZone,2023,7,0.3135829168644287,38.160911659680266,0.10263722042807125,80.84001280129164,9863.32,52.97,5,0.55,0.6197312416955014,Medium,10012.230999999985,13388.950208333334,25.22019393448536,High Risk,"Significant shortfall risk due to high equipment downtime, blasting delays. Recommended: redeploy backup equipment or schedule urgent maintenance; re-optimize blasting schedule to reduce idle time."
Gujarat_Pani_ExplorationZone,2023,8,0.3135829168644287,38.160911659680266,0.10263722042807125,80.84001280129164,9462.0,38.37,4,0.55,0.6197312416955014,Medium,9825.937199999997,13388.950208333334,26.611593537152032,High Risk,Significant shortfall risk due to blasting delays. Recommended: re-optimize blasting schedule to reduce idle time.
Gujarat_Pani_ExplorationZone,2023,9,0.5006135249714044,32.60802375407553,0.2029301039874554,270.82381434757764,11309.99,59.17,1,0.55,0.5866425295116566,Medium,10329.319799999992,13388.950208333334,22.851906689659778,High Risk,"Significant shortfall risk due to high equipment downtime, heavy rainfall/monsoon conditions. Recommended: redeploy backup equipment or schedule urgent maintenance; adjust mine schedule to prioritize indoor/underground operations during peak rain."
Gujarat_Pani_ExplorationZone,2023,10,0.5528307781510103,33.57746592144099,0.2491509321738373,3.997267219539006,12590.1,52.84,2,0.55,0.5835451203087368,Medium,12640.607200000002,13388.950208333334,5.5892582815608645,Medium Risk,Moderate shortfall risk due to high equipment downtime. Recommended: redeploy backup equipment or schedule urgent maintenance.
Gujarat_Pani_ExplorationZone,2023,11,0.5429899935543828,30.614543704393782,0.17035423143004827,14.795272560075118,14535.92,23.44,1,0.55,0.5606055306276072,Medium,13690.202399999998,13388.950208333334,-2.250006064546899,Low Risk,Operations normal. No action needed.
Gujarat_Pani_ExplorationZone,2023,12,0.5697186512257197,26.25820656730332,0.19710528875955124,6.970220827305191,14175.13,26.9,2,0.55,0.5430977088069826,Medium,13934.47599999998,13388.950208333334,-4.074447833311902,Low Risk,Operations normal. No action needed.
Gujarat_Pani_ExplorationZone,2024,1,0.5548799776763516,25.00282580344674,0.10837861269035122,0.0,14728.11,45.56,1,0.55,0.5254882902593616,Medium,14549.758800000021,13388.950208333334,-8.669899981734162,Low Risk,Operations normal. No action needed.
Gujarat_Pani_ExplorationZone,2024,2,0.5003550720055262,28.799307871448605,0.09474978248842737,1.2117479872675732,16263.36,12.75,0,0.55,0.5520562924226421,Medium,14211.542099999995,13388.950208333334,-6.143811716878872,Low Risk,Operations normal. No action needed.
Gujarat_Pani_ExplorationZone,2024,3,0.42071073754123506,34.994289240801265,0.0833014052107253,0.30861375907755506,15527.88,28.04,2,0.55,0.5947733671344831,Medium,14755.735999999983,13388.950208333334,-10.208311857160812,Low Risk,Operations normal. No action needed.
Gujarat_Pani_ExplorationZone,2024,4,0.4111165119323024,38.911987890079104,0.06763388110663404,0.5136976642501535,17664.62,5.72,1,0.55,0.6078668107195828,Medium,16714.44750000002,13388.950208333334,-24.837625354651664,Low Risk,Operations normal. No action needed.
Gujarat_Pani_ExplorationZone,2024,5,0.3669999863217909,38.02626828132287,0.062197724272581675,0.3407739902028721,17512.22,13.18,1,0.55,0.61699298194985,Medium,14665.14,13388.950208333334,-9.531664333715726,Low Risk,Operations normal. No action needed.
Gujarat_Pani_ExplorationZone,2024,6,0.22865511191049667,40.69484598664815,0.05145310525867072,103.6012923364618,12043.16,32.62,1,0.55,0.5926331388811592,Medium,11532.187999999998,13388.950208333334,13.867869993105803,Medium Risk,Moderate shortfall risk due to combined minor factors. Recommended: monitor closely and review equipment logs.
Gujarat_Pani_ExplorationZone,2024,7,0.22865511191049667,40.69484598664815,0.05145310525867072,103.6012923364618,11130.32,16.54,1,0.55,0.5926331388811592,Medium,11307.72929999999,13388.950208333334,15.54431733593261,High Risk,Significant shortfall risk due to combined minor factors. Recommended: monitor closely and review equipment logs.
Gujarat_Pani_ExplorationZone,2024,8,0.22865511191049667,40.69484598664815,0.05145310525867072,103.6012923364618,12504.43,7.01,2,0.55,0.5926331388811592,Medium,11927.707900000005,13388.950208333334,10.913792982991646,Medium Risk,Moderate shortfall risk due to combined minor factors. Recommended: monitor closely and review equipment logs.
Gujarat_Pani_ExplorationZone,2024,9,0.07111229003692258,29.93438798323251,0.41355572573163296,241.5229169015219,11435.14,29.93,2,0.55,0.5812571726308172,Medium,10387.098900000006,13388.950208333334,22.42036352084545,High Risk,Significant shortfall risk due to heavy rainfall/monsoon conditions. Recommended: adjust mine schedule to prioritize indoor/underground operations during peak rain.
Gujarat_Pani_ExplorationZone,2024,10,0.5172233170425472,32.82542741810295,0.3800237661396916,35.68693704577054,17417.5,13.54,0,0.55,0.617891702305211,Medium,12024.102800000004,13388.950208333334,10.193834371598777,Medium Risk,Moderate shortfall risk due to combined minor factors. Recommended: monitor closely and review equipment logs.
Gujarat_Pani_ExplorationZone,2024,11,0.5041762038839969,28.767929824561406,0.1905040144920349,0.0,14911.55,57.04,1,0.55,0.5699929100453192,Medium,13107.097400000004,13388.950208333334,2.1051150683785735,Low Risk,Operations normal. No action needed.
Gujarat_Pani_ExplorationZone,2024,12,0.49943479277740394,24.740618770377353,0.1354591085321524,0.0,14691.79,27.48,0,0.55,0.5466551563240868,Medium,13930.31060000001,13388.950208333334,-4.043337104426092,Low Risk,Operations normal. No action needed.
Nagpur_Maharashtra,2021,1,0.31602831120198316,29.323455443216574,0.245748855812209,10.671172619144818,11055.12,43.05,1,0.7,0.7090195130487263,High,10972.7194,10392.214583333332,-5.585958719498159,Low Risk,Operations normal. No action needed.
Nagpur_Maharashtra,2021,2,0.31061464076848744,34.43524100634835,0.20013895622321537,6.148837282504255,11722.45,18.05,2,0.7,0.7156804262188357,High,11815.558000000005,10392.214583333332,-13.696247371078924,Low Risk,Operations normal. No action needed.
Nagpur_Maharashtra,2021,3,0.26068488997336475,37.96757488831406,0.1572294167961393,21.08853335798832,10367.11,41.17,1,0.7,0.7041434837699798,High,10554.900399999991,10392.214583333332,-1.5654585975117243,Low Risk,Operations normal. No action needed.
Nagpur_Maharashtra,2021,4,0.22969409621446346,44.002360529822,0.14025434928280966,6.173237559112191,11778.6,19.59,2,0.7,0.7120163341176702,High,11951.613099999999,10392.214583333332,-15.005449552279016,Low Risk,Operations normal. No action needed.
Nagpur_Maharashtra,2021,5,0.20356185136141547,42.42953797319541,0.1633456174816404,32.75956926178514,9622.07,39.71,3,0.7,0.7034427300146977,High,10388.342599999993,10392.214583333332,0.037258500604380934,Low Risk,Operations normal. No action needed.
Nagpur_Maharashtra,2021,6,0.2985327131145573,42.71410392663995,0.16923204711505344,264.72398764376055,8155.12,44.73,1,0.7,0.7340837357811933,High,8168.640499999996,10392.214583333332,21.396537431967836,High Risk,"Significant shortfall risk due to high equipment downtime, heavy rainfall/monsoon conditions. Recommended: redeploy backup equipment or schedule urgent maintenance; adjust mine schedule to prioritize indoor/underground operations during peak rain."
Nagpur_Maharashtra,2021,7,0.42433055527253344,35.813139901246075,0.32008987801415584,305.3187024869417,8608.77,14.74,4,0.7,0.7339331322832912,High,8636.681600000009,10392.214583333332,16.892770730011534,High Risk,"Significant shortfall risk due to blasting delays, heavy rainfall/monsoon conditions. Recommended: re-optimize blasting schedule to reduce idle time; adjust mine schedule to prioritize indoor/underground operations during peak rain."
Nagpur_Maharashtra,2021,8,0.42433055527253344,35.813139901246075,0.32008987801415584,305.3187024869417,8244.87,28.55,4,0.7,0.7339331322832912,High,8389.823600000002,10392.214583333332,19.26818357412187,High Risk,"Significant shortfall risk due to blasting delays, heavy rainfall/monsoon conditions. Recommended: re-optimize blasting schedule to reduce idle time; adjust mine schedule to prioritize indoor/underground operations during peak rain."
Nagpur_Maharashtra,2021,9,0.42433055527253344,35.813139901246075,0.32008987801415584,305.3187024869417,8578.81,22.43,0,0.7,0.7339331322832912,High,8748.697100000012,10392.214583333332,15.814891716815929,High Risk,Significant shortfall risk due to heavy rainfall/monsoon conditions. Recommended: adjust mine schedule to prioritize indoor/underground operations during peak rain.
Nagpur_Maharashtra,2021,10,0.4552321886315626,33.220649423935924,0.47326306819915775,41.71883566226179,10315.15,56.49,2,0.7,0.746522226069949,High,10807.891100000006,10392.214583333332,-3.9998838874374387,Low Risk,Operations normal. No action needed.
Nagpur_Maharashtra,2021,11,0.3808134518321757,30.97593416411945,0.3556361748491015,8.51703641038192,10471.4,59.45,0,0.7,0.7376224390533955,High,10292.387200000005,10392.214583333332,0.9605977872457279,Low Risk,Operations normal. No action needed.
Nagpur_Maharashtra,2021,12,0.330137274203163,28.082368759307144,0.28945160610335213,6.937127063706604,9534.58,53.26,3,0.7,0.7177798359923822,High,9926.14479999999,10392.214583333332,4.484797533730776,Low Risk,Operations normal. No action needed.
Nagpur_Maharashtra,2022,1,0.2917716487341118,26.497021866917407,0.2669508474213736,24.034424819723206,10816.61,49.51,4,0.7,0.6963565126947575,Medium,10682.558899999996,10392.214583333332,-2.793863755780292,Low Risk,Operations normal. No action needed.
Nagpur_Maharashtra,2022,2,0.3494094886024049,31.684647778038993,0.21788994925362723,12.36330308969955,10367.93,40.75,3,0.7,0.7214998037172671,High,10542.379400000013,10392.214583333332,-1.4449741723723555,Low Risk,Operations normal. No action needed.
Nagpur_Maharashtra,2022,3,0.30519896689909964,39.34346038090763,0.18887846844536918,9.161962340170877,11741.69,10.17,1,0.7,0.7285306997126386,High,11459.663900000001,10392.214583333332,-10.27162505264861,Low Risk,Operations normal. No action needed.
Nagpur_Maharashtra,2022,4,0.23189899465720815,42.77111607492748,0.141920303106308,5.335761035673799,10173.17,34.85,1,0.7,0.7088144751573915,High,11044.81180000001,10392.214583333332,-6.279674187187112,Low Risk,Operations normal. No action needed.
Nagpur_Maharashtra,2022,5,0.21613495779731212,40.7843715024689,0.11600681470973151,11.156802739873962,11707.25,7.05,2,0.7,0.6921193620496222,Medium,11797.502100000007,10392.214583333332,-13.522502883268261,Low Risk,Operations normal. No action needed.
Nagpur_Maharashtra,2022,6,0.2209879203257111,39.70235551375487,0.08742734977177212,200.65029191190038,8566.94,47.35,0,0.7,0.6841592020417504,Medium,8734.701899999991,10392.214583333332,15.949561761278504,High Risk,"Significant shortfall risk due to high equipment downtime, heavy rainfall/monsoon conditions. Recommended: redeploy backup equipment or schedule urgent maintenance; adjust mine schedule to prioritize indoor/underground operations during peak rain."
Nagpur_Maharashtra,2022,7,0.2209879203257111,39.70235551375487,0.08742734977177212,200.65029191190038,9113.81,9.69,0,0.7,0.6841592020417504,Medium,9512.331500000011,10392.214583333332,8.466752454712077,Medium Risk,Moderate shortfall risk due to heavy rainfall/monsoon conditions. Recommended: adjust mine schedule to prioritize indoor/underground operations during peak rain.
Nagpur_Maharashtra,2022,8,0.2866469489083344,29.8206967818129,0.4989818702425275,396.7135176410452,8373.7,34.73,4,0.7,0.7526500972911949,High,8253.747299999994,10392.214583333332,20.577589754189038,High Risk,"Significant shortfall risk due to blasting delays, heavy rainfall/monsoon conditions. Recommended: re-optimize blasting schedule to reduce idle time; adjust mine schedule to prioritize indoor/underground operations during peak rain."
Nagpur_Maharashtra,2022,9,0.2866469489083344,29.8206967818129,0.4989818702425275,396.7135176410452,7866.14,19.9,1,0.7,0.7526500972911949,High,8434.498600000006,10392.214583333332,18.83829445239749,High Risk,Significant shortfall risk due to heavy rainfall/monsoon conditions. Recommended: adjust mine schedule to prioritize indoor/underground operations during peak rain.
Nagpur_Maharashtra,2022,10,0.4772969165196658,30.796791441335472,0.46904003075190953,146.34629091853984,9531.12,57.95,3,0.7,0.7307937679325903,High,8549.5002,10392.214583333332,17.73168142898639,High Risk,"Significant shortfall risk due to high equipment downtime, blasting delays. Recommended: redeploy backup equipment or schedule urgent maintenance; re-optimize blasting schedule to reduce idle time."
Nagpur_Maharashtra,2022,11,0.40287284935838436,29.70849635551383,0.39851376107760844,0.0,12155.07,18.76,3,0.7,0.7352770557305052,High,12851.355599999995,10392.214583333332,-23.663300992750347,Low Risk,Operations normal. No action needed.
Nagpur_Maharashtra,2022,12,0.3307501037164035,29.167269456853944,0.32575501799583434,8.852742016385173,10202.28,45.58,2,0.7,0.7289375087211518,High,10428.293900000013,10392.214583333332,-0.34717640188592297,Low Risk,Operations normal. No action needed.
Nagpur_Maharashtra,2023,1,0.315736580030294,28.08814154714321,0.25769362347466607,3.619109706153646,11001.57,24.58,1,0.7,0.7071147502290174,High,11408.48629999999,10392.214583333332,-9.779164089784269,Low Risk,Operations normal. No action needed.
Nagpur_Maharashtra,2023,2,0.3029861500305332,32.99423160122268,0.20928546215806684,0.9922379778142562,13491.29,7.53,0,0.7,0.7103126441892151,High,13567.62280000001,10392.214583333332,-30.555645201546216,Low Risk,Operations normal. No action needed.
Nagpur_Maharashtra,2023,3,0.26841538856423475,36.580771455443255,0.18065212556294033,16.750456311967636,11418.1,43.7,1,0.7,0.7064292481530682,High,11286.889999999998,10392.214583333332,-8.609092984872676,Low Risk,Operations normal. No action needed.
Nagpur_Maharashtra,2023,4,0.2552638578663381,38.61932831726631,0.17388966866901942,47.6066378155647,11835.81,31.04,0,0.7,0.7080777907711012,High,10799.6008,10392.214583333332,-3.920109745616871,Low Risk,Operations normal. No action needed.
Nagpur_Maharashtra,2023,5,0.2847112094775625,40.46886315541968,0.24003114811011722,24.443796639972263,11324.66,26.92,2,0.7,0.7364721775024343,High,11439.1034,10392.214583333332,-10.07377983077477,Low Risk,Operations normal. No action needed.
Nagpur_Maharashtra,2023,6,0.23316561634790883,42.174368367427064,0.1389032823698861,141.74001933203803,7591.71,39.42,3,0.7,0.7065555682728891,High,7875.043499999996,10392.214583333332,24.221700419564918,High Risk,Significant shortfall risk due to blasting delays. Recommended: re-optimize blasting schedule to reduce idle time.
Nagpur_Maharashtra,2023,7,0.23316561634790883,42.174368367427064,0.1389032823698861,141.74001933203803,8968.89,40.33,0,0.7,0.7065555682728891,High,8682.270500000006,10392.214583333332,16.454087525056252,High Risk,Significant shortfall risk due to high equipment downtime. Recommended: redeploy backup equipment or schedule urgent maintenance.
Nagpur_Maharashtra,2023,8,0.23316561634790883,42.174368367427064,0.1389032823698861,141.74001933203803,8095.13,56.71,2,0.7,0.7065555682728891,High,8067.619800000002,10392.214583333332,22.36861801392586,High Risk,Significant shortfall risk due to high equipment downtime. Recommended: redeploy backup equipment or schedule urgent maintenance.
Nagpur_Maharashtra,2023,9,0.35280503549892356,32.361262818177124,0.4193916262899126,381.6766521013271,7499.4,35.01,4,0.7,0.7635245297171687,High,7870.862300000007,10392.214583333332,24.261934384774747,High Risk,"Significant shortfall risk due to blasting delays, heavy rainfall/monsoon conditions. Recommended: re-optimize blasting schedule to reduce idle time; adjust mine schedule to prioritize indoor/underground operations during peak rain."
Nagpur_Maharashtra,2023,10,0.4338007586084025,32.500386080413705,0.45034578578812734,7.027638825756765,11503.36,10.54,0,0.7,0.7459035349514052,High,11487.378,10392.214583333332,-10.538306420491477,Low Risk,Operations normal. No action needed.
Nagpur_Maharashtra,2023,11,0.39361324956609106,30.26740818245935,0.3338959549154554,24.277412024157787,11276.15,42.57,0,0.7,0.7270102840292978,High,10869.622000000008,10392.214583333332,-4.593894908909264,Low Risk,Operations normal. No action needed.
Nagpur_Maharashtra,2023,12,0.3614773617584484,26.010370091699997,0.3268504307951246,6.9167812984589245,12193.55,51.47,0,0.7,0.7207272190726676,High,11340.195000000012,10392.214583333332,-9.12202504158274,Low Risk,Operations normal. No action needed.
Nagpur_Maharashtra,2024,1,0.32221531931079433,26.327331217180074,0.2483601017509188,7.396282574726127,13218.71,20.5,0,0.7,0.7011854183509736,High,12528.897999999994,10392.214583333332,-20.560424340095892,Low Risk,Operations normal. No action needed.
Nagpur_Maharashtra,2024,2,0.30958913554441575,30.964777568775048,0.2022959733009338,6.233381775805824,10738.67,39.59,3,0.7,0.7039745676404596,High,11103.35680000001,10392.214583333332,-6.843028605348304,Low Risk,Operations normal. No action needed.
Nagpur_Maharashtra,2024,3,0.27719363255910745,35.68228238890191,0.1786231737477439,24.841414528004606,11937.75,46.28,3,0.7,0.7055932364172635,High,11904.977599999998,10392.214583333332,-14.556695346656737,Low Risk,Operations normal. No action needed.
Nagpur_Maharashtra,2024,4,0.3330189266719778,36.49553021396645,0.15727022758552006,44.29426249004247,10699.22,23.74,4,0.7,0.7208338086857082,High,11160.696999999987,10392.214583333332,-7.3947897294107054,Low Risk,Operations normal. No action needed.
Nagpur_Maharashtra,2024,5,0.33030698156597293,36.21093988557095,0.145507293343544,25.43482145878784,12237.34,54.64,2,0.7,0.7166926957988344,High,11872.036999999997,10392.214583333332,-14.239721522301426,Low Risk,Operations normal. No action needed.
Nagpur_Maharashtra,2024,6,0.26322711527627796,40.82853781644326,0.12532292187213898,156.65979042596985,10185.1,26.41,0,0.7,0.7082645913717137,High,9780.068199999992,10392.214583333332,5.8904324812064495,Medium Risk,Moderate shortfall risk due to combined minor factors. Recommended: monitor closely and review equipment logs.
Nagpur_Maharashtra,2024,7,0.26322711527627796,40.82853781644326,0.12532292187213898,156.65979042596985,9403.97,10.02,3,0.7,0.7082645913717137,High,9458.919799999989,10392.214583333332,8.980711241568558,Medium Risk,Moderate shortfall risk due to blasting delays. Recommended: re-optimize blasting schedule to reduce idle time.
Nagpur_Maharashtra,2024,8,0.26322711527627796,40.82853781644326,0.12532292187213898,156.65979042596985,9485.68,29.66,1,0.7,0.7082645913717137,High,9362.160600000008,10392.214583333332,9.911785164495049,Medium Risk,Moderate shortfall risk due to combined minor factors. Recommended: monitor closely and review equipment logs.
Nagpur_Maharashtra,2024,9,0.41207468619302556,31.754712438278887,0.48368039590971806,273.9715106234042,8653.28,46.38,2,0.7,0.7565599491196522,High,8861.181500000012,10392.214583333332,14.732500672077517,Medium Risk,"Moderate shortfall risk due to high equipment downtime, heavy rainfall/monsoon conditions. Recommended: redeploy backup equipment or schedule urgent maintenance; adjust mine schedule to prioritize indoor/underground operations during peak rain."
Nagpur_Maharashtra,2024,10,0.4495806666164505,32.00112438278859,0.419885950599398,40.86191383116717,12150.25,8.17,2,0.7,0.7333632281660009,High,11665.872599999997,10392.214583333332,-12.2558864278006,Low Risk,Operations normal. No action needed.
Nagpur_Maharashtra,2024,11,0.378923817147215,28.03131483658592,0.32137435146740506,1.2064732350801166,13636.44,11.44,0,0.7,0.721285046658531,High,13295.469999999981,10392.214583333332,-27.936830916894145,Low Risk,Operations normal. No action needed.
Nagpur_Maharashtra,2024,12,0.3494643348304351,26.34593486950388,0.25517265813691276,7.42616968656841,11210.51,39.0,0,0.7,0.7107888325113276,High,11385.044000000002,10392.214583333332,-9.553588493629972,Low Risk,Operations normal. No action needed.
